Grant.Application.ID,Grant.Status
8338,0
6035,0
2094,0
6689,1
8046,1
6560,1
159,1
4361,0
2464,0
627,0
6933,1
8121,0
5079,1
6408,0
6332,0
1902,1
1507,0
7133,0
6169,1
1518,1
6998,0
300,1
2194,1
184,0
1246,1
7122,0
3244,1
4693,1
1766,1
825,0
7539,0
7783,0
5166,1
3526,1
1111,1
5382,0
5966,1
2827,0
6434,0
1708,0
7494,0
5728,0
7245,0
7386,1
5093,1
6316,0
8595,0
1487,0
4438,0
8157,0
1917,1
3152,1
1963,1
2138,1
6756,0
8230,1
8158,0
8427,1
8630,1
3986,0
5987,0
4577,1
8098,0
5415,1
2687,0
206,0
5148,1
2312,0
5399,0
7883,0
1920,0
6494,1
1367,1
5137,0
7383,1
330,1
3669,1
3119,0
8038,0
6997,1
7939,0
2956,1
2629,0
3825,0
5895,0
7648,0
5902,0
1445,1
7782,0
7679,0
7892,0
8552,1
6639,1
2599,0
4390,1
5705,1
2817,1
648,0
1782,1
715,0
8605,1
320,0
7665,0
523,0
5044,0
4023,0
5548,1
5003,1
6598,0
5919,0
596,0
6522,1
2860,0
7218,1
1593,0
3182,0
1183,0
6537,0
3914,0
4173,1
7613,0
4542,1
930,0
3934,0
3740,0
3623,1
3636,0
8589,0
3141,1
7741,0
7755,0
7300,1
1699,0
1817,0
361,1
1302,1
6789,0
1048,1
7389,1
8669,1
2341,1
2565,0
8125,1
8511,0
134,0
2929,1
8430,0
6901,0
8431,0
582,1
5658,0
7863,0
275,0
5356,1
4797,1
7285,0
4743,0
4563,0
1627,1
842,0
2922,1
2067,0
8445,1
1769,0
1289,1
2243,1
7503,0
4388,1
4663,1
8412,0
1458,1
2308,1
5083,1
6489,1
8703,0
2893,0
1965,1
1933,1
5688,0
1543,1
7601,0
7220,1
4462,1
8522,0
16,0
5681,0
8320,0
5990,0
7901,0
4830,0
4373,0
4970,0
6389,0
2728,0
2786,1
950,0
199,0
3136,0
4502,1
2978,1
4503,0
2213,1
7604,0
2230,1
1882,1
4024,1
3397,0
3231,1
5371,1
5542,0
7018,0
8053,1
3081,0
5610,0
6681,1
1028,0
7549,0
1628,1
1037,1
3077,0
1,1
264,0
5697,1
2518,0
8493,1
7361,1
5202,0
1361,1
7258,0
7799,0
680,0
834,1
3012,0
7105,1
4218,1
3552,1
1471,1
4021,0
1869,0
3439,1
403,0
3585,1
3851,0
660,0
7571,0
139,1
5905,0
1140,1
4998,1
1286,1
5272,0
8227,1
8117,0
1155,1
7837,1
4933,1
3483,0
2522,0
3502,0
2602,0
5300,0
7769,1
7467,0
2694,1
5951,1
7936,1
5423,0
5534,0
8249,0
4808,0
3734,1
1870,0
5286,0
7044,1
7198,1
3537,0
1058,0
4579,0
456,1
5285,0
4818,0
1291,1
1441,1
4032,0
6665,1
1419,1
5449,1
8610,1
1217,0
620,1
3664,1
5782,0
1613,1
5427,1
4277,1
1551,1
3431,0
8029,0
846,0
8064,0
6497,0
322,0
5453,0
4038,1
4466,1
5891,1
6402,0
5869,1
5210,1
5176,0
1811,1
2025,1
6821,0
7785,0
3540,1
6942,0
6616,0
4869,0
7038,1
140,1
3665,1
7149,1
7116,1
5618,0
6260,0
5135,0
2087,1
4215,1
8607,1
1645,0
4508,1
3388,0
2009,0
198,0
118,0
6050,1
6211,1
7202,1
8500,1
7570,0
2605,1
5979,1
53,0
3895,0
2019,1
4573,1
7631,0
1322,1
6760,0
7817,1
8167,1
7811,1
6922,0
3421,1
5741,0
3947,0
3364,0
7111,1
673,0
364,0
8429,0
1508,1
5424,0
2552,0
2476,0
548,0
784,1
7963,0
3660,1
265,1
2493,0
4916,1
5164,1
6428,1
6214,0
8509,0
635,1
418,0
3759,0
3133,0
5789,0
1961,1
1614,1
5496,0
4146,1
2309,1
5952,1
6338,0
1116,1
2965,1
1195,0
3887,0
1060,0
5021,1
7059,1
501,1
7845,0
1757,1
6651,1
8624,1
341,0
2512,0
4272,1
1143,1
2542,0
7554,0
4318,1
4209,1
5115,1
1597,1
2031,0
8028,0
8171,0
1523,1
8679,0
1832,1
7781,0
6116,0
528,0
6556,1
2833,0
4667,0
5906,0
7764,0
6278,1
5737,1
6915,0
8096,0
6843,1
2902,1
3797,0
2853,1
644,1
6811,0
502,1
785,0
211,0
3308,1
4459,1
2362,0
5667,0
1463,1
286,0
2704,0
6693,1
8291,1
6664,1
6538,1
5082,0
1375,1
1002,1
7578,0
5088,1
3435,0
1723,0
4143,0
6599,1
4546,1
6958,0
3548,1
3535,1
4974,0
3710,0
8153,0
770,0
5116,1
4201,1
4695,1
7878,0
6246,0
2285,0
7559,0
5646,0
1052,1
6653,1
6909,0
1511,1
1815,0
4014,1
7290,1
4127,1
4592,0
4529,0
4452,1
2189,1
1203,0
8670,0
2109,0
4391,1
50,1
6833,1
865,0
6646,1
874,1
4428,1
7050,1
3352,0
1496,1
2006,1
6,1
4410,0
6670,1
708,1
3942,0
7426,0
1080,0
5762,1
7287,0
1372,1
7182,1
3729,1
5042,0
7008,0
269,0
590,0
5614,1
4782,1
7825,0
7473,1
4609,1
5084,1
3118,0
6113,0
610,1
8402,0
387,1
5846,0
8147,0
7565,0
2320,1
6490,0
470,0
6334,1
5499,0
7640,0
3577,1
5395,0
1658,0
6081,0
5665,1
4171,1
6925,0
8635,0
944,0
5709,1
370,1
6111,1
3858,0
3922,0
8422,1
4465,0
6705,0
4501,1
33,1
8369,0
4197,1
3138,1
4536,0
5191,0
4188,1
4089,1
7489,0
1606,0
5172,1
1906,1
4968,1
2022,1
2820,1
1312,1
3248,1
4142,1
1529,1
4240,1
1912,1
2257,0
212,0
7065,0
5598,0
4798,0
6053,1
4324,1
4779,1
8707,1
7372,1
2179,1
7388,1
5939,0
2774,0
2733,0
3928,0
4858,0
3460,1
4280,1
652,0
3793,0
7014,1
7513,0
1161,1
8397,0
2354,0
1242,1
3790,0
2494,0
5195,0
2818,1
2556,0
1673,1
5354,0
3631,0
5475,0
4644,1
8092,0
4826,1
3420,1
1600,0
2297,1
4216,1
8633,0
5052,1
882,0
6763,1
1252,1
5856,1
5672,1
4932,1
6510,1
1577,0
1120,1
1519,1
585,0
8048,1
4634,1
3886,0
3739,0
2675,0
8201,0
4596,0
7695,0
2166,1
1021,0
1903,0
7589,0
3882,0
8145,0
8248,0
4668,1
5473,0
3776,0
4187,1
1293,1
6414,1
7676,0
1343,1
353,1
701,1
1421,1
4293,1
5213,1
7335,0
7826,0
2402,0
5110,1
2202,1
4524,1
7943,0
4405,1
3917,0
6659,1
6498,0
4572,0
7445,0
1567,0
8654,1
7096,0
7920,0
6859,1
5485,1
6015,1
3407,0
8049,0
828,1
1570,1
7981,0
4099,1
3899,0
8142,0
7522,0
5576,0
6641,0
1598,0
3310,0
8395,0
7440,0
3562,1
4348,1
3799,0
892,0
7586,0
1208,0
2276,0
483,1
2862,1
1390,1
5492,0
4268,1
469,1
4846,0
126,0
6440,1
6812,1
1910,1
41,0
4619,1
8569,0
2845,1
4500,1
7632,0
1338,1
6793,0
2322,1
2791,1
8168,0
1176,0
5063,1
936,1
4711,1
3520,1
2042,0
2351,0
7420,1
1876,1
7464,1
2609,0
4504,0
7110,1
1990,0
2790,1
6436,1
6409,0
3994,0
2426,0
8602,0
2474,0
109,0
7865,0
7005,0
253,0
1959,1
12,0
495,0
8084,0
2962,1
1864,1
4591,0
7113,1
4827,1
8366,0
1742,0
4472,1
3072,0
4660,0
6961,0
7718,0
7804,0
4105,0
5081,1
800,0
8592,0
6485,1
5022,0
7540,0
3752,0
5593,0
260,1
5960,0
7973,0
6747,0
1308,1
8646,0
1562,1
3333,0
3507,1
5814,0
5438,1
5169,0
1752,0
4016,0
6785,1
6521,1
4321,1
2063,0
1860,0
5236,0
7028,0
5900,0
911,0
7324,0
5677,0
5892,0
1268,1
7373,1
7916,0
2223,1
8631,0
4702,1
6674,1
7832,0
4072,1
7548,0
5493,0
2245,1
8685,1
1831,1
6401,1
656,0
3428,0
4581,0
1526,1
895,1
3806,0
398,0
6692,1
6131,1
3468,0
4118,1
4770,1
5607,1
447,1
8386,0
855,1
952,0
406,1
4149,1
5586,0
3299,1
7612,0
8066,0
3932,0
446,0
4094,0
5100,1
7576,0
7243,1
3063,0
5481,1
7955,1
7269,0
5636,1
1579,0
4161,1
3514,0
5818,0
3199,1
7246,0
3318,0
2317,1
6447,1
2559,0
3963,0
6935,0
3872,0
8438,1
871,1
1704,1
4423,1
3486,0
6955,0
6407,0
2530,0
623,1
7419,1
4615,0
6691,1
6640,0
7280,1
2519,1
7431,1
904,0
3285,1
721,0
5839,1
6902,0
6078,0
1934,1
4385,1
564,1
7561,0
1776,1
533,0
4841,1
8367,0
6768,1
1141,1
4612,1
3476,0
6295,1
3638,1
5385,1
2780,1
3599,1
7138,1
1164,1
7667,0
7653,0
1915,1
5912,1
138,0
8181,0
178,1
5551,0
4276,1
5826,0
5663,1
6106,0
5897,1
2459,0
5525,1
6534,1
7510,0
1423,1
1564,0
2421,0
4110,1
2041,0
5601,1
2379,0
8529,0
898,1
6745,0
1119,1
3288,0
8681,1
6704,0
6960,0
5643,0
5374,0
736,0
1274,1
6281,0
1926,1
1545,1
4182,0
4226,1
7904,0
255,0
114,0
3531,0
8208,1
4375,1
6429,0
4333,1
3697,1
4564,1
1905,1
6886,0
2205,1
5933,0
2838,0
6307,0
7786,0
6229,1
3891,0
7906,1
7051,0
7463,0
2663,0
2660,0
971,1
1337,1
657,0
7864,0
4019,1
5477,0
2502,0
8055,1
5536,0
6040,1
6977,0
7666,0
3744,0
6013,0
974,0
1468,1
5596,1
6774,0
2332,1
1849,1
1381,1
3541,1
8408,0
168,0
8399,0
8561,1
1099,1
7119,0
4505,1
7898,0
2450,0
3270,0
7553,0
7000,1
6397,0
7796,1
6766,0
1049,1
2110,0
2252,1
8085,0
1277,0
7379,1
8496,1
2677,1
7651,0
1321,1
142,0
8420,1
2513,0
3918,0
225,0
7841,1
8104,0
1775,0
3699,1
7807,1
4116,1
4299,1
4584,0
2883,1
278,0
697,0
7071,0
753,0
3233,0
4126,0
177,0
3038,0
7298,1
8067,1
1813,0
4495,1
3737,0
3513,0
1043,1
2139,1
5583,0
2644,0
7200,0
6216,0
8137,1
5134,1
4366,1
712,1
6293,0
641,0
7039,0
7637,0
3571,1
7325,1
2524,1
7063,0
6373,0
8449,0
7994,0
4757,0
6091,1
6515,1
7760,0
5915,0
7847,0
3683,1
8099,0
4365,1
4746,0
5532,0
8409,1
4282,1
5659,0
5126,0
7232,1
1451,1
4270,1
1114,1
6865,1
750,0
3296,1
5816,1
8225,0
5386,0
5910,1
8206,0
4263,1
3024,1
5417,0
3218,1
3725,1
6023,0
6832,0
8467,1
5861,0
3574,1
6346,0
8499,1
2801,1
4595,0
3126,0
2170,0
670,1
207,1
7700,0
4715,1
1348,1
6455,0
962,1
1715,0
3933,0
5273,1
6197,1
4328,1
5070,1
1795,0
2162,1
3829,0
7086,1
2626,0
5587,0
6657,1
1804,0
7355,1
5860,0
3011,0
2841,0
2740,0
1935,1
5560,0
4265,1
593,0
1981,1
5994,0
4539,0
1173,1
1513,1
2333,1
7599,0
107,1
5606,1
1352,1
7471,0
6379,1
6327,1
3382,0
7146,1
3325,1
2349,0
3601,1
3661,1
2207,1
2454,1
6770,1
6872,1
5279,0
6306,0
7436,0
4842,1
259,0
1535,1
5958,0
1417,1
4498,1
6027,0
5975,1
6133,0
5336,0
6680,1
5969,0
522,0
3106,1
689,0
7027,1
7460,1
5121,0
4206,1
8040,0
4598,1
6815,1
665,0
5710,1
8182,0
7986,1
4837,1
6057,1
6324,0
2968,1
6597,1
7655,0
5458,0
7633,0
5597,0
8526,1
678,0
3968,0
2051,1
37,0
6637,1
7064,1
3893,0
4025,0
4683,1
78,0
884,0
5344,0
1284,1
4106,0
5290,0
7406,0
2397,0
4383,1
3470,0
2288,1
6134,0
65,0
8189,1
8186,1
6746,0
4239,1
4122,1
4892,1
5702,0
6895,1
4074,1
5369,0
4359,1
6313,1
289,0
303,0
4736,1
7587,0
2816,0
2938,1
2434,0
7509,0
5609,1
4430,0
3617,1
2410,0
2028,1
7340,1
532,0
6411,0
2452,0
8311,0
8556,0
7729,0
4033,0
1485,1
5938,1
453,0
2852,1
2671,0
3619,1
7011,0
4112,1
5240,1
7723,0
8615,0
6193,1
3009,1
1539,1
1871,0
2279,0
411,0
1482,0
2219,1
3099,1
6535,1
4387,1
5995,0
1688,1
7531,0
2490,0
194,0
821,0
3532,1
6484,1
1333,1
4756,0
358,0
7486,1
5656,0
3167,0
4427,1
4710,0
4750,0
1346,1
7671,0
2871,0
5470,0
1584,1
2227,1
3686,1
5779,1
8503,1
2168,1
216,0
4915,0
4586,1
426,0
5471,0
7216,0
2200,1
8660,1
3469,1
6129,1
6202,0
8207,1
3629,0
2674,0
7879,0
8131,0
1707,1
1303,1
5932,1
6217,0
5787,1
3164,1
2657,1
838,1
6803,0
901,0
4833,1
8078,0
2710,1
2053,0
6571,0
1042,1
1927,1
3154,1
1993,1
4709,1
5101,0
4570,1
3939,0
8050,0
6662,1
7705,0
6442,1
4618,0
63,0
2273,0
6201,1
830,1
675,1
4478,0
1166,1
820,1
7132,0
4431,1
4217,1
7181,1
5526,1
1449,1
5556,0
3266,1
2344,1
2538,0
4630,1
8604,0
4515,0
5069,1
1163,1
505,0
7946,0
778,1
5603,0
3145,1
9,1
5546,0
4096,1
481,1
6762,0
1405,1
5840,0
135,1
5654,0
7331,1
7433,1
5973,0
3856,0
690,1
4731,1
6506,1
1555,1
1895,0
3381,0
900,0
4964,1
801,0
6533,1
8377,0
3302,1
7382,1
7393,1
48,0
8460,0
5224,0
7101,0
1853,1
2764,0
1685,0
713,0
4080,1
511,1
4645,1
7224,0
972,0
5505,1
8324,0
5917,1
706,1
1144,1
2256,0
3625,0
7267,1
2239,1
2943,0
3807,0
2093,0
7142,0
458,0
7233,1
6051,1
540,1
3032,1
6941,0
7465,0
2724,0
7167,0
5972,1
2726,0
726,0
6366,0
8057,1
3185,1
3225,0
5103,1
5911,0
604,1
2686,0
3241,0
3749,0
4800,0
1491,1
5925,1
7242,1
5523,0
8154,0
8437,1
2250,0
1051,0
3039,0
4053,1
6430,0
5644,1
3687,1
324,1
362,0
5117,1
2460,0
348,0
5255,0
7756,0
1630,0
4997,0
5468,1
144,0
236,0
6690,1
7380,0
2712,1
8469,1
4145,1
2126,1
4538,0
1098,1
5016,1
96,1
3695,1
2992,0
431,1
7459,0
6818,0
1269,1
7775,0
6520,1
5922,0
4999,0
6488,1
1845,1
6645,1
5595,0
6529,1
6263,0
7123,0
5998,0
942,1
8045,0
6542,1
7365,1
4281,1
5842,0
700,0
5490,0
7480,1
2554,1
4175,1
6874,0
7196,0
6871,1
3207,0
5099,1
6210,1
513,1
4640,1
2936,1
3844,0
1921,1
5037,0
6864,1
1373,1
8075,0
1957,1
1273,1
647,0
6525,1
5257,0
3985,0
2617,0
6837,0
1093,0
4784,1
2959,1
8058,0
6608,1
120,0
8007,0
5964,0
679,1
7036,0
6511,1
3929,0
2720,0
5488,0
3560,1
5051,0
3379,1
2212,1
2807,1
3615,1
5161,1
121,0
4700,0
5048,1
2150,1
6736,1
3708,1
1751,1
2732,1
7836,0
6602,0
3349,1
5220,1
8641,1
5888,0
3927,0
4582,0
4219,1
2406,0
2165,1
8689,1
8357,0
8692,0
7118,1
4043,1
2292,1
4729,0
4135,0
687,1
3622,0
2569,0
4007,1
277,1
7107,0
6900,1
8170,0
8520,1
1581,0
1705,1
3494,0
4942,1
245,1
1478,1
1962,1
1332,1
8662,0
402,0
4327,1
3954,0
3595,1
2546,0
758,0
6296,0
1228,1
3556,1
6310,0
4616,0
8458,0
5284,1
8356,0
64,0
6734,0
4973,0
2839,1
343,1
4905,0
5637,0
6549,1
6711,1
7450,1
4793,1
3897,0
117,1
5797,1
4523,0
608,0
2340,1
8473,0
2442,0
6173,0
1720,1
171,1
2506,0
8413,1
7404,0
711,0
6427,1
1180,0
6819,1
6286,0
4755,0
5508,0
5230,0
1823,0
748,1
5376,0
3313,0
8687,1
2177,0
6405,0
2077,1
520,0
1977,1
6139,1
763,0
8560,0
5331,0
5783,0
8539,1
256,0
7427,0
6726,1
220,1
4210,1
858,1
704,0
3162,1
6323,1
1062,0
4185,1
3982,0
8143,0
6996,0
7801,1
7326,0
6433,1
7583,0
1859,1
7412,1
6767,0
3528,1
7927,0
6475,0
567,1
1364,1
4512,1
3286,1
7042,1
8551,0
7536,0
459,1
2337,1
8035,1
4780,0
8316,0
3912,0
642,0
2254,1
4696,1
8644,1
2826,0
8655,0
4002,1
7112,0
8219,1
7950,1
2072,0
3920,0
8116,1
2678,0
5325,0
2574,1
3200,0
4978,0
6362,0
3523,0
4469,0
3369,0
2942,1
5299,0
2088,1
4054,1
7574,0
311,1
3722,1
8010,0
699,1
397,0
6826,1
4313,1
7885,0
3264,1
6943,0
8584,0
7336,0
310,0
8062,0
231,1
1995,0
8302,0
7949,0
7829,1
1616,0
3896,0
3633,1
7623,0
1824,0
7517,0
5197,0
3327,1
3389,0
4593,0
6240,1
7668,0
8014,0
6838,1
7283,0
2247,1
4420,0
5204,0
7125,1
4379,1
7557,0
2905,0
103,1
2448,0
6944,1
1819,0
372,0
3074,1
5436,0
7614,0
1241,1
1371,1
7815,1
603,1
3880,0
1012,1
4714,0
4207,1
8625,0
3157,1
1074,0
5553,1
2656,0
4457,1
2274,1
2068,1
1016,0
2115,1
981,1
1749,0
7260,0
2760,1
6257,0
4881,1
1470,1
192,0
416,1
5349,1
752,0
5007,0
8439,1
932,0
3561,1
3650,1
2015,1
4794,1
5617,0
4496,1
7479,1
5669,1
2136,1
1232,1
1267,1
3289,0
4760,0
4026,1
42,0
5346,1
5040,1
6200,0
7659,0
4064,1
129,0
2749,0
3606,1
5918,1
793,1
7820,1
8109,0
7597,0
3019,0
1929,1
7337,0
409,0
1548,1
4249,1
4963,0
5923,0
3485,0
7256,0
1310,1
8361,0
2100,1
8349,1
7851,0
2654,1
8675,0
7843,0
4589,0
6421,1
4835,0
1341,1
8211,0
4199,1
2580,0
4767,0
1174,1
7180,0
1756,0
4247,1
5807,1
3998,0
7935,0
5920,1
5495,1
3076,0
3690,1
3521,1
8303,0
7192,0
7284,0
3890,0
732,1
7877,0
646,0
8373,1
1266,1
3509,0
131,0
1979,1
7374,1
6932,0
8542,1
5880,0
5853,0
3861,0
2161,1
2971,1
2682,1
5452,0
6788,1
3668,1
4533,1
1324,1
3455,0
2084,1
1829,1
2262,0
3180,1
1729,0
13,1
7690,0
4740,0
8262,0
6124,0
496,0
2608,0
4130,1
3884,0
8129,1
4419,0
1256,1
5345,1
8247,0
6610,1
2064,0
2216,0
1047,1
1475,1
3184,0
1472,1
5055,1
5931,1
2346,1
7368,0
3981,0
4935,1
7744,0
601,1
312,1
3753,0
2994,1
899,1
1133,1
5408,0
1407,1
1888,1
7660,0
179,1
6836,1
1130,0
8657,1
8252,1
2988,0
6967,0
5407,0
3023,1
3644,1
4891,0
4885,0
7043,1
6778,0
3,1
3681,1
2851,1
1067,0
1240,1
6441,1
6703,0
5474,0
6378,0
4656,1
1279,1
7032,0
2149,1
497,0
7004,0
1394,1
6861,1
4984,1
7048,1
2541,0
2973,0
8614,1
2789,1
4329,1
2819,0
5494,1
927,0
6824,1
6315,0
5810,1
7914,1
1681,1
7602,0
5333,1
1089,1
7073,0
6351,0
1064,0
6245,0
7798,1
1865,1
3814,0
2113,1
8495,1
2017,1
6627,1
4847,1
97,0
6620,0
3900,0
6638,0
8385,0
2800,1
1314,1
1878,1
7953,1
7482,0
1580,0
3516,1
2473,0
6868,0
794,0
1446,1
4008,0
8666,0
8200,1
744,0
2334,1
4461,0
4684,1
5739,0
1576,1
3343,0
5752,0
5812,0
2824,1
7944,0
2758,0
5209,0
4765,0
4357,1
7049,1
7251,1
2775,0
2357,0
3305,0
2374,0
5159,1
1767,1
688,0
6733,0
4906,1
2611,0
3433,0
5190,0
4795,1
3876,0
3936,0
3210,0
509,0
5425,0
2984,1
8370,0
3949,0
1909,1
8457,1
8648,0
3148,1
7418,1
2665,0
1123,0
3278,1
2622,0
5131,1
4323,1
1505,1
443,0
3639,1
6889,0
2880,1
1838,1
5030,1
8196,0
1486,0
761,0
1509,1
4384,1
2417,1
5094,1
6758,0
3121,1
59,0
2514,1
2529,0
350,0
2579,1
8034,0
6741,0
7339,1
633,0
6606,1
1873,1
8327,0
2237,0
3035,0
5566,0
8428,1
6042,0
5935,1
8415,1
6857,0
354,1
2368,0
6823,0
6036,1
655,0
2407,0
3147,1
3590,0
6403,0
4015,1
1937,1
6615,1
4854,0
6737,0
1660,1
8151,1
3504,0
3334,1
6435,1
2793,1
2443,1
6924,0
69,1
3442,1
557,0
5561,0
907,0
2486,0
2233,1
719,0
8352,0
1097,1
2615,0
3361,1
2050,0
5708,1
8083,0
739,1
8455,1
8379,0
1968,1
5483,0
133,1
6218,0
5580,1
6398,0
1626,1
7275,1
3456,0
4871,0
1615,1
4291,1
375,0
1115,1
1503,1
6119,1
2386,0
7532,0
5883,0
3477,1
5026,0
8080,0
219,1
2910,0
1146,1
6056,1
4991,1
7311,1
2707,0
2240,1
7306,1
4250,1
4285,1
3691,1
4611,0
6339,0
6345,0
8652,0
4769,0
1750,1
6254,1
7615,0
6209,0
1987,1
6483,1
1677,1
805,1
7607,0
7067,1
2479,0
8244,0
1377,1
215,1
5761,1
6305,0
5261,0
5771,0
6271,0
8023,1
6808,0
1669,1
1150,1
6156,0
681,0
2794,1
8312,1
6192,0
4208,1
2776,0
6493,1
4082,1
1648,1
1013,0
3993,0
8476,1
624,0
2700,1
5622,1
1000,0
7677,0
4155,1
6547,1
7330,1
6715,0
7268,0
43,1
5801,0
2372,0
6045,0
8530,0
881,1
8555,0
5865,0
2091,0
1892,1
8482,0
1224,0
2037,1
2335,1
5340,0
2190,1
7082,0
6759,0
1546,1
5258,0
8554,0
1088,1
1609,1
915,1
3865,0
4097,1
8468,1
8424,1
2348,0
848,0
1411,1
783,0
3467,0
3123,0
988,0
5049,1
6751,0
2030,0
3087,1
3109,1
36,0
420,0
2872,1
6472,0
3902,0
1347,1
2597,0
7938,0
6982,0
5638,0
487,1
2563,0
1201,0
2520,0
1257,1
349,0
210,1
2944,0
1387,1
4823,1
5205,0
1716,1
7709,0
8489,1
8256,0
8325,0
2900,0
5050,1
5770,0
5305,0
6563,0
3977,0
8342,1
6666,1
8141,1
7225,1
6115,0
2566,1
5358,0
1638,0
1362,1
1086,1
106,0
7750,0
3033,1
3754,0
3906,0
8571,0
6155,0
684,0
4137,1
2709,0
413,0
1887,1
7577,0
3694,1
1157,1
5898,0
671,0
5562,1
249,1
2627,0
4296,1
188,1
1798,0
5961,0
2991,1
6126,0
2836,0
4225,1
30,1
3712,0
6814,1
1077,0
3651,1
2866,1
2343,1
5862,0
2470,0
8628,0
7930,0
6739,0
3743,0
7918,0
283,0
3870,0
5203,0
2431,0
2313,1
7753,0
8177,0
5524,0
8148,1
1721,0
7189,1
4371,0
1737,1
437,0
7544,0
5430,0
3696,0
3493,0
2684,0
3153,1
8474,1
2515,1
3726,1
6669,1
7094,1
4925,1
8411,0
6418,0
1594,0
5398,0
1898,1
7166,0
6008,0
1621,0
7724,0
829,0
8323,1
197,1
6478,1
3410,0
966,0
6166,0
7971,1
6948,0
2925,0
3367,0
808,1
19,1
5621,1
4241,1
3667,1
4189,1
4626,1
8276,1
8065,0
123,1
8485,1
6802,1
4090,0
2787,1
643,1
1221,0
5251,0
4402,1
4977,0
3323,1
1196,0
4058,1
4093,1
609,1
5428,1
4413,1
4389,1
1112,1
731,0
3232,1
7988,1
8590,1
1278,1
8568,1
6289,0
1138,1
3301,0
3941,0
3538,1
3738,0
6917,0
1416,1
6064,0
6842,1
1082,0
4404,1
977,1
2993,0
3346,1
8620,0
1583,0
4739,0
2795,1
8656,0
6099,0
5581,1
1238,1
8332,0
5355,1
5699,1
1063,1
3649,1
6449,1
2487,0
560,0
6601,1
4568,0
3713,1
2896,1
2186,1
558,0
1925,1
7997,1
5877,0
755,0
1808,1
2070,0
1137,1
1178,0
3550,0
1430,1
1259,1
579,1
5777,0
570,0
4480,0
5307,1
5276,1
7581,0
4269,1
4307,1
2750,0
1884,1
4957,0
3971,0
475,0
1433,1
3539,0
8651,1
6696,1
3240,0
8406,0
7134,0
1290,1
454,1
2621,0
6682,1
3600,0
8344,0
634,1
6586,0
3171,1
6314,0
5000,0
5132,1
2767,0
1928,1
722,0
7685,0
2398,0
597,0
3386,0
2885,1
3115,1
798,1
4035,0
7852,0
1020,0
5719,0
1550,1
3546,1
4641,0
4909,1
1779,0
1763,1
7840,0
2000,1
5648,1
1121,0
4305,1
1092,1
2913,1
8558,0
323,0
5457,1
6765,0
8516,0
870,1
925,1
5045,0
6348,0
6215,0
5263,0
1881,1
3866,0
5970,1
7417,1
7518,0
4083,1
5717,1
872,0
7446,1
3677,1
4030,0
317,0
3405,0
2480,0
162,0
7849,1
2989,0
1253,1
6499,0
3014,1
1107,1
6516,1
1109,0
1846,1
934,0
4849,0
4003,0
4728,1
6251,0
2849,1
3078,1
3247,1
8596,0
7886,0
1741,1
1363,1
6367,1
2799,1
850,0
4982,0
6847,1
1596,0
970,0
8281,0
4124,1
2249,1
3363,0
2891,1
2810,1
5304,0
2399,0
7957,0
1664,0
1401,1
5489,0
7428,0
4875,1
5392,0
6667,1
3105,0
5605,0
6070,0
3005,0
1397,1
7016,1
3069,0
3563,1
1403,1
6060,1
276,0
4876,0
7444,1
1483,1
3992,0
352,1
2395,0
1436,1
5671,1
5253,0
5234,0
5041,1
3605,0
2076,1
1641,1
2966,1
5444,0
7780,0
563,0
3258,1
3116,1
4370,1
5937,0
7925,0
327,1
6061,1
4608,0
5626,0
4339,0
2211,1
7421,0
7730,0
2360,0
7560,0
2176,1
3202,0
4315,1
5186,1
3593,0
2143,1
3630,0
291,1
7235,1
7015,0
8506,0
5599,1
1335,1
4874,0
4245,1
5604,0
1489,0
8119,1
3228,0
4903,0
7492,0
6970,1
6022,0
809,1
6046,0
2318,0
3984,0
6231,1
6820,0
8362,1
667,1
7458,1
3385,0
1983,1
7882,0
3991,1
4796,0
4252,1
2557,1
5243,0
5735,0
8665,0
4766,0
3613,1
2751,0
2145,1
6509,1
10,1
5074,0
8006,1
2265,1
3979,1
6695,0
6275,1
2300,1
7984,0
2847,0
427,1
4658,1
7104,0
5308,0
3810,0
2302,0
7707,0
6784,1
479,0
2290,1
7649,0
7664,0
676,0
4063,1
735,0
516,0
5967,0
7199,0
1980,1
2890,0
4211,1
5557,0
5215,0
5519,1
86,0
262,1
2185,1
8090,1
6578,0
5275,0
2043,0
3082,0
7333,0
4843,1
2004,1
3377,0
1014,0
6353,0
1376,1
55,1
4454,0
3490,0
3316,0
5339,0
2567,0
2511,1
1464,1
4716,1
2914,0
4673,0
1697,0
6004,0
6953,1
6144,0
3093,1
8534,0
580,0
7998,1
5177,1
6318,1
979,1
6219,1
2103,0
3085,0
4264,1
3923,0
8701,1
544,1
7528,0
8173,0
6829,1
4606,0
4352,0
3718,1
4041,0
8376,0
4799,0
7871,1
4046,0
6721,0
4635,1
2544,0
6128,1
6452,1
6979,0
3004,0
29,0
1010,0
577,1
1007,0
3088,0
7350,1
8463,1
4585,1
3104,1
2773,0
6479,0
1997,1
4607,0
2034,1
1901,1
1802,0
7555,0
1204,0
5293,1
3457,0
7483,1
1072,0
2637,0
1694,1
7556,0
7947,0
1521,1
4418,1
4919,0
2536,0
2907,1
6672,1
2702,0
46,0
4790,0
1657,0
645,1
6196,0
7410,0
313,1
7727,0
471,0
5811,0
7888,0
8150,1
3059,0
5010,1
8672,0
5535,0
351,1
7858,0
5222,0
5038,0
1353,1
230,0
5700,0
8570,0
3533,1
2980,1
2267,1
5701,0
6727,1
1349,1
1355,1
5720,0
5,0
2129,1
1461,1
7770,0
926,0
5274,0
2955,0
3946,0
75,1
4222,1
4803,1
3387,1
4301,1
696,0
1913,0
4825,0
5185,1
4627,0
6972,0
8322,0
8339,0
7025,1
4345,0
2952,0
3188,1
4873,0
2078,1
2159,1
3635,0
2413,1
6298,0
7794,0
1647,0
1558,1
1866,1
990,0
6477,0
8494,0
6798,1
5491,1
3339,1
4888,0
6834,1
5091,1
6171,0
7091,0
6322,0
2639,0
3461,1
3603,0
6179,0
4416,0
8355,0
5613,0
1495,1
1147,1
5383,0
3481,0
3197,1
8179,0
7881,0
2875,1
1085,1
5974,0
5046,1
3245,0
2204,0
1151,1
4735,0
1162,1
3524,0
6020,1
7164,0
4442,0
4172,1
3763,0
4860,0
3110,0
8242,0
1040,0
1235,0
2706,0
396,1
149,0
1132,1
3359,1
6274,0
4186,1
1671,1
7234,1
2812,1
8240,1
2080,1
8577,1
6618,0
6143,0
3491,1
8205,0
1271,1
562,1
7168,1
1867,1
1309,1
514,0
949,0
3794,0
1948,0
5744,0
1192,1
4330,1
6999,0
7669,0
1236,1
599,0
4254,1
7078,1
1009,0
284,0
7572,0
7821,1
5547,0
3733,1
723,0
7853,0
3212,0
8426,1
72,0
3079,0
6404,0
95,1
7408,0
7454,0
3283,1
3040,1
8314,0
3508,0
4559,0
1743,0
986,0
651,0
2164,1
3487,0
4511,1
6827,1
7688,0
4273,1
2455,0
5513,0
5221,0
4079,1
8233,1
2619,0
87,0
8110,0
8487,0
789,0
3838,0
2498,1
4260,1
6277,1
4492,1
7158,1
836,0
5171,1
4633,0
6422,1
8559,0
754,0
6723,1
2947,1
5225,1
4532,0
5008,0
3216,0
6212,1
1177,1
8398,0
4409,0
5570,1
1605,0
7620,0
164,1
539,0
7131,0
7069,0
8550,0
6797,0
7959,0
2483,0
5226,0
4831,1
7696,0
2054,0
7303,0
6473,0
7451,1
2598,0
395,1
725,1
1883,1
5848,0
3029,1
4604,0
6038,0
5118,1
3901,0
6187,0
3315,0
3399,0
1836,0
3351,0
3186,0
775,1
2940,1
4176,1
3252,0
3169,1
5402,1
3287,0
1820,1
6354,0
8123,0
3557,1
7286,0
462,0
6984,1
2481,0
2281,1
2187,1
8194,0
6299,1
4642,1
3173,1
7626,0
7617,0
8063,1
6400,1
425,0
2331,1
6089,0
6380,1
6162,0
1861,1
1315,1
4691,1
4556,1
8315,0
5208,0
8156,1
2911,1
4300,1
5510,1
1379,1
5370,1
7334,1
6259,1
2381,0
605,0
1908,1
3612,1
3134,0
5639,1
3679,1
1850,1
1187,1
4086,1
1095,1
4558,1
7758,0
3128,0
3480,0
611,0
2829,0
287,1
8253,1
8198,0
2918,0
1386,1
1213,0
5986,1
4562,1
3168,0
7661,0
1972,1
6881,0
7054,1
4507,1
1165,1
1136,1
7257,0
1706,0
3921,0
5944,0
5544,0
3878,0
6264,1
2931,1
5486,0
4125,0
2361,0
1327,1
7253,1
2446,0
2888,1
2844,0
1986,1
1127,1
1560,0
5189,0
8515,0
2532,1
2695,1
473,0
8146,1
8585,0
3518,0
3700,1
4440,1
1031,1
4163,1
1893,0
5450,0
1206,0
2701,0
6213,0
7205,1
195,0
6238,1
4013,0
6333,0
6101,0
5024,1
3496,0
5143,0
4541,1
3955,0
5988,0
295,1
4297,1
4669,0
5454,0
4918,0
39,0
3314,0
7861,0
6965,0
2788,1
2032,1
4992,0
5824,1
613,0
2977,1
5977,0
8105,1
8243,0
4377,1
23,0
4331,1
3471,1
1270,1
547,0
6203,1
4020,0
5232,1
3553,1
4813,0
7526,0
5686,0
550,1
5746,0
7823,0
6929,0
5318,0
3728,1
8481,0
3196,1
3292,1
272,1
3030,0
3298,1
8640,0
7970,0
3497,0
3775,0
7497,0
4901,0
965,1
8013,0
4148,1
2923,0
4506,0
8591,0
2073,1
4551,0
3948,0
1360,1
4114,1
4396,1
6983,1
3192,1
5072,0
6141,0
3273,1
512,1
1392,1
8266,0
7045,1
6182,0
5653,1
2436,0
2437,0
1534,1
6188,0
8471,0
5831,0
3950,0
4856,0
4227,1
3702,1
4676,0
1469,1
5165,1
3335,0
658,1
2864,0
5149,0
2475,0
6446,0
7839,1
4103,0
5216,0
5685,0
3698,1
165,1
5634,0
7499,0
3341,1
2659,1
1554,1
8441,1
1911,1
3217,1
8435,0
5472,0
7099,1
2970,1
4638,0
4929,1
7814,0
7895,0
5509,1
5060,1
2370,0
4164,1
6731,0
228,0
1592,0
5187,0
1231,0
3051,1
8466,1
3366,0
1676,0
1726,0
6830,0
7398,0
6764,0
4235,1
3987,0
3774,0
408,0
2572,0
2324,1
1683,1
6772,1
6234,1
6262,0
4566,0
7058,0
742,0
2403,0
5733,0
4855,0
890,1
3337,0
2957,0
7204,1
819,1
3915,0
4162,1
449,0
7381,1
5404,0
8472,1
299,0
653,1
1702,0
6198,1
879,1
7822,1
4398,1
6611,1
7854,0
8118,1
2690,0
7989,1
2146,1
6382,0
2832,0
4744,0
394,1
6007,0
73,1
3655,1
1801,1
5241,0
8695,1
3384,1
4895,0
390,0
668,0
6963,1
7327,1
640,0
3822,0
6423,1
4877,1
6543,0
7282,1
67,0
404,1
6492,1
2651,0
751,0
1248,1
1359,1
6066,1
2114,1
3022,1
2408,0
5909,1
2484,0
3568,0
4298,1
1050,1
5602,0
1156,1
1125,0
5367,0
8044,1
3983,0
8702,0
7312,0
2550,1
6625,0
5199,0
2889,0
6683,1
2111,1
4694,0
8538,1
3833,0
6025,0
1842,1
1460,1
7628,0
1730,0
4399,1
4629,1
2311,1
5766,0
1608,0
2969,1
4834,0
7591,0
5229,1
8346,1
1868,0
6678,1
3146,1
6950,0
6663,1
2635,0
626,0
4836,0
4670,0
6934,0
6569,1
4213,1
1982,0
3284,1
4890,0
4976,1
3547,0
1985,1
6536,0
3567,1
3688,1
4956,0
8547,0
4000,1
7276,0
6431,1
4703,0
491,1
2391,0
5870,0
6132,0
7252,0
2857,1
94,0
5433,0
6232,0
3060,0
1896,1
5397,1
7524,0
3919,0
526,1
70,0
1207,0
6142,0
5265,0
4708,1
430,0
4170,1
7143,1
8188,0
2509,0
302,0
1320,1
8451,1
8298,0
4426,1
5758,0
8348,0
8405,1
8649,1
3958,0
3859,0
963,0
3453,1
8517,1
6699,1
2500,0
8161,0
5661,1
4753,0
5125,0
5791,0
2578,0
6283,1
2757,0
6729,0
1684,1
5403,0
7978,0
4,1
922,1
5448,0
7977,1
6568,0
7969,1
1622,1
2521,0
3944,0
2640,0
2729,0
3452,1
4221,1
2854,0
5756,1
3555,1
938,1
3282,1
983,0
434,0
1754,1
2568,1
1629,1
1500,0
1339,1
7966,0
2668,0
1793,1
2723,0
7621,0
5017,0
8236,1
4356,1
7693,0
7081,0
8581,1
4317,1
517,0
1617,1
3596,1
2260,1
2679,0
190,1
5793,1
2662,0
7002,0
1718,0
4805,0
234,1
3803,0
4996,0
5087,1
6755,0
5936,0
575,0
3731,1
3637,0
3423,0
6735,1
4338,1
3049,0
1454,1
4719,0
2049,1
2505,0
7475,0
2461,1
2935,1
3965,0
4904,0
2222,1
181,1
6392,1
5572,1
204,0
51,1
2725,0
301,0
2625,0
1772,0
2173,0
4987,0
1153,1
4792,0
4723,0
7359,1
3586,1
2650,0
7767,1
5459,0
3215,0
535,0
4944,1
157,0
355,1
7314,1
7472,0
4682,0
2912,0
2418,1
2127,1
5502,0
7498,0
3678,1
464,0
2385,1
4530,1
6161,1
152,0
5727,1
7103,1
7026,1
1542,1
7250,1
3178,0
2071,0
4510,0
8622,0
2987,0
1234,0
5813,1
3499,1
1877,1
3478,1
5775,0
3962,0
2858,0
2347,1
6650,1
1549,1
7148,1
6884,0
769,0
146,0
764,0
7448,0
5245,0
4474,0
6528,1
5194,0
5292,0
3786,0
5670,0
5857,0
461,0
6297,0
6613,1
2118,1
8108,0
7185,1
781,1
6269,1
6546,1
1452,1
3472,0
6444,0
2314,0
4938,1
8650,1
7152,1
500,1
1607,1
3026,1
2716,0
4774,1
3048,1
7650,0
1747,0
2393,0
7575,0
7080,1
6801,0
3330,1
807,0
6486,1
3124,0
4447,1
710,0
2195,1
3403,0
2358,0
1940,1
7974,1
80,0
2769,0
8347,0
1710,0
1499,0
2535,0
7635,0
2184,1
5365,1
2990,1
7505,0
2863,0
6425,0
5188,0
27,0
4762,0
6749,0
1184,0
4091,1
3329,1
7813,0
1517,0
4144,1
4722,1
4713,1
153,0
1691,1
4181,1
7239,0
2296,1
111,1
2157,1
6180,0
2909,1
8308,0
880,1
4310,1
6920,0
2997,0
360,0
8268,1
3705,1
8220,0
6342,1
3779,0
6189,0
1265,1
6033,1
4545,1
2570,0
7732,0
6062,0
7478,1
2631,0
5881,1
2021,0
4724,0
4022,0
6644,1
3627,0
3042,0
5953,0
1412,1
1768,1
6052,0
2954,1
5755,0
8261,1
3294,1
8704,1
845,1
148,0
7281,0
4471,1
5664,1
1225,1
6096,0
8390,0
5600,0
7639,0
4761,1
4923,0
5690,0
7808,1
7346,0
7453,0
7990,1
8601,0
4534,1
8245,0
4278,1
7100,0
7272,1
6809,1
3543,1
3254,1
2840,1
5889,1
2075,1
8566,0
484,0
2363,0
705,0
2102,0
1759,1
6292,0
8532,0
224,0
3871,0
8128,0
237,1
7702,0
6880,1
7862,0
6848,1
223,0
8418,0
6290,1
8597,1
4513,1
136,0
7547,0
3253,0
6679,1
1786,0
2669,1
294,0
5886,0
3191,1
7470,0
3727,1
3053,0
1340,1
2742,0
3881,0
241,0
5104,1
7697,0
6792,1
7217,1
7521,0
6860,1
5850,1
6285,1
7975,1
8694,0
937,0
3211,1
4894,0
6923,0
7654,0
5123,1
7713,0
6523,1
2465,1
2440,1
8668,0
8598,0
4167,1
6976,0
4829,0
6363,0
8222,0
5879,0
5314,0
1275,1
8193,0
2326,1
5559,0
3967,0
6399,0
4200,1
1466,1
857,0
2425,0
7712,0
5675,0
7295,0
7525,0
6029,1
2792,1
903,0
3100,0
2528,0
5624,1
1969,1
336,1
806,1
415,0
1103,1
5027,1
3837,0
2879,1
5316,0
4650,1
170,1
8097,1
1960,1
4446,1
4531,1
3782,0
4902,0
3791,1
8416,0
5692,1
7413,1
490,1
7913,0
4654,1
503,0
824,0
2106,0
2649,0
5211,0
6686,1
1477,1
669,1
8582,0
6026,0
910,1
2248,0
1814,0
3584,0
6501,1
4720,0
8178,0
976,0
2235,1
8293,0
7484,0
5298,0
4931,1
3187,1
5632,0
5012,1
5543,0
3422,0
5480,0
8294,0
2543,0
5687,0
4128,1
4439,1
6047,1
7477,0
565,1
7857,0
6077,0
3953,0
4048,0
6304,0
81,1
7985,0
4203,1
1481,1
7630,0
280,0
2963,1
5057,0
4412,0
826,0
3071,0
8174,0
5655,0
3084,1
4822,1
498,1
1479,0
6951,0
616,0
3427,0
4223,1
5565,0
5774,0
7541,0
6957,0
6303,0
698,1
365,1
1800,1
4672,0
4861,0
8073,0
3034,1
1237,0
3732,0
5280,0
6981,0
1066,0
2447,0
5806,0
5130,1
1473,1
175,1
2182,1
8081,0
1282,1
5759,1
7315,1
6220,0
2730,0
4057,1
3402,0
6226,0
7681,0
3517,1
3204,0
6841,1
1075,0
4473,1
222,1
3863,1
6321,0
4475,0
4652,0
860,0
6673,0
1711,1
367,0
4815,0
8484,0
6530,1
5372,0
1395,1
6846,1
2488,0
5589,0
4969,1
8486,0
8120,0
5640,1
8190,0
5876,0
3140,0
494,1
383,0
7590,0
6582,0
6855,1
2477,0
7088,1
7447,1
1032,1
694,0
5506,0
77,0
5957,0
6658,1
61,0
1005,0
3391,0
5497,1
2199,1
4820,0
6888,0
5151,1
3824,0
4380,1
6476,0
951,0
3848,0
8074,0
4821,0
7912,1
2255,1
996,0
5820,1
3473,0
90,0
4102,1
1255,1
8393,0
7588,0
6480,1
1998,1
2777,0
5722,1
552,1
3326,1
799,0
7842,1
6738,0
2886,1
8341,0
7721,0
5277,0
4862,1
1946,1
7752,0
4560,0
6049,1
2630,0
2444,0
4624,0
21,1
266,0
8525,1
6622,0
1692,0
104,0
2201,1
3396,0
4631,0
862,1
5267,0
1276,1
8492,0
4115,0
4910,1
7117,1
8480,0
5206,1
766,1
4751,0
4414,0
8375,1
6361,0
7566,0
6225,0
2676,0
2658,0
6055,0
3131,0
1015,0
2033,0
369,1
4432,1
2594,1
2466,0
2350,0
8321,1
2047,1
6595,1
3839,0
2491,1
7153,0
5772,0
8372,0
2575,0
6952,0
7670,0
7328,1
1625,1
14,0
4068,1
1778,0
1619,1
5592,0
2705,0
6090,0
1001,0
7643,0
6800,0
5375,0
5930,0
4284,1
6241,1
6109,1
987,0
1383,1
3170,1
3495,0
3256,1
8510,0
7097,0
6949,1
3964,0
4468,0
8676,0
6044,0
2307,1
8031,0
125,1
7093,1
5014,1
1030,1
7057,0
3390,0
1108,1
6777,0
3591,0
5959,1
6350,0
8696,1
4772,1
5254,1
5039,0
5992,1
6150,1
4848,0
1017,1
8162,0
530,1
3572,0
3646,1
2209,0
7371,1
7159,1
3836,0
3853,0
2169,0
1106,1
8197,0
8221,0
8041,0
869,0
5963,1
5929,0
6294,1
6135,0
2613,0
3057,1
5332,0
4153,1
661,0
7053,0
1223,0
1365,1
1939,1
1886,1
7,0
964,0
3594,1
2020,0
6237,1
6744,0
6928,0
6787,1
1239,1
5373,1
796,1
5790,0
4675,1
3589,1
7308,1
2284,0
8603,1
239,0
2082,0
7850,1
6228,1
6080,0
6840,1
3058,0
4786,0
3689,1
2423,0
2919,0
5558,1
5949,1
3489,0
1135,0
218,0
4168,1
6320,1
3101,0
6011,1
2951,1
4866,1
7996,0
1863,1
3772,0
8434,1
25,1
7403,0
5095,0
823,0
851,0
2616,0
1971,1
7728,0
5054,1
4355,1
5794,1
7987,0
2933,1
7634,0
6796,1
6593,1
3604,1
788,1
2282,1
6851,1
852,1
2023,0
1538,1
213,0
5941,0
274,0
2144,1
7083,0
4705,1
772,0
1701,1
945,1
933,0
5360,0
5773,1
831,0
707,1
2151,1
4851,0
8002,0
5747,1
537,0
2999,1
3746,0
112,0
6256,0
790,0
6043,0
1094,1
5680,1
2095,1
6469,0
4517,0
639,1
2134,1
3003,0
4283,1
7762,0
8388,0
3257,1
257,1
5329,0
541,1
1874,1
2387,0
4244,1
3454,0
5800,1
7349,0
5411,0
5439,0
7190,0
2310,1
5927,0
7740,0
5550,1
6684,1
1722,1
5238,1
3064,0
8686,1
3293,1
8130,0
2607,0
6358,1
108,0
3862,0
268,0
2523,0
3113,1
2917,1
867,0
5954,1
7263,1
5295,0
4350,1
683,1
8448,0
3067,1
6632,1
7733,0
506,1
5001,0
2901,0
2756,1
2571,0
7897,0
4687,1
7768,1
6550,0
2628,1
3888,0
2191,1
5405,0
1736,1
7682,0
7731,0
333,0
3841,0
1056,1
7307,0
3179,0
4470,0
5715,0
5657,0
7090,0
2298,1
1198,0
7407,1
4458,1
6181,0
4165,1
5102,1
841,0
7238,1
5858,0
6813,1
7294,1
3451,1
6862,1
3044,0
3717,1
2967,1
3693,1
6894,0
8103,1
3826,0
8684,1
3392,0
4893,1
4107,1
8113,1
5531,0
2508,0
3065,1
304,1
6661,1
928,1
2174,0
5751,1
217,0
810,0
1128,1
3394,0
8022,0
4482,0
6552,1
4945,1
2547,0
8042,1
2741,0
1758,1
436,1
1011,0
8391,0
3238,0
8139,0
773,0
8091,0
2859,0
8667,0
5763,0
4437,0
685,0
7537,0
7184,1
7392,1
1659,0
1791,1
7106,1
182,0
7310,0
4306,1
4193,1
3484,0
8134,0
247,1
100,0
4917,0
7573,0
1740,0
8661,1
8305,1
2873,1
1456,1
1666,0
747,0
151,0
3319,1
3347,0
2148,1
1665,1
1890,1
973,1
263,0
2472,0
1182,1
1825,0
2432,0
6349,1
7711,0
7424,1
5351,0
5288,0
2642,0
3642,1
5884,0
4819,0
6288,1
2604,0
6839,1
202,1
3190,0
3404,0
7485,1
2560,0
1653,0
316,0
6039,0
5200,1
7992,1
6885,0
6870,1
6718,1
1807,1
7749,0
5628,0
2178,0
4192,1
946,0
8213,1
6574,0
6769,1
1891,0
116,1
7593,0
8204,0
7035,0
7827,1
7816,0
2778,0
2482,0
3503,0
6265,1
3610,0
6413,1
4972,1
2763,0
3773,0
4138,1
1081,0
534,1
8465,0
5092,1
941,0
2183,1
7710,0
1250,1
7341,1
5390,0
2215,0
4156,1
130,0
1171,0
4367,1
3226,0
1654,0
4852,1
6630,1
1565,1
8021,0
3449,1
1295,1
4878,1
5835,0
5786,0
7430,0
2855,1
868,0
4863,0
1875,1
1197,0
4688,0
606,1
4758,0
2388,0
3371,1
5522,1
7075,1
6121,0
1656,0
5319,1
6858,1
1329,1
3332,0
8155,0
3840,0
438,1
6541,1
6743,0
8647,1
8093,0
1533,1
4434,0
7737,0
4594,0
8068,0
3177,0
4397,1
5352,0
5138,0
8513,0
536,0
4791,1
3360,1
2537,0
3801,0
7085,0
4651,0
8272,0
5706,0
1951,1
8039,0
3820,0
1833,0
8169,0
817,1
3692,1
8300,1
5242,0
1810,1
5464,0
1396,1
238,0
5903,1
3043,0
4725,1
2,1
3796,0
1494,1
321,1
4262,1
4953,1
6553,1
2305,1
6319,1
7500,0
7343,1
3959,0
6677,1
6918,0
2424,0
5262,0
1537,1
2060,1
6272,0
7622,0
4131,0
5750,0
5435,0
4183,0
6956,0
18,1
6688,1
6636,1
4483,1
7828,0
8353,0
2802,1
1604,0
4429,0
3812,0
4178,0
5803,0
3821,0
2225,1
6280,0
1733,1
1783,1
8523,0
4120,1
183,0
1610,1
167,1
2441,0
7691,0
7958,0
7076,0
6249,1
3850,0
7514,0
6108,0
3645,1
3551,1
6406,0
246,1
2600,0
3724,1
598,1
8292,1
6576,0
6364,0
3714,1
1712,1
5822,1
2582,1
7145,1
1719,0
2727,0
1129,1
8613,1
3704,1
2089,0
5078,0
993,1
3277,0
8232,0
7378,1
8274,0
906,1
8381,0
875,1
3336,0
3558,1
7834,1
939,0
7061,1
1024,0
2435,0
7940,1
6067,0
2411,0
6054,0
1762,1
8421,0
145,1
1453,1
1601,0
6891,1
2761,0
1632,0
8166,1
6261,1
2683,0
5503,0
5769,0
6581,0
1588,1
7792,1
2610,0
1261,1
6450,1
6445,1
1070,0
3355,0
1298,1
844,1
460,1
4958,1
4554,1
8241,0
6174,1
6617,0
7031,0
917,0
4962,0
1428,1
7305,1
795,1
2691,0
985,0
6713,0
4066,1
2137,1
7007,0
7203,0
2228,1
2339,1
154,0
3213,1
4408,1
6208,0
6343,0
1854,1
200,0
2253,1
7139,1
5028,1
1674,0
2005,1
2531,1
7037,0
4927,1
7487,0
4005,0
3682,1
521,1
4788,0
4062,1
5441,0
5698,1
3409,0
1263,1
849,1
2192,1
6656,1
8396,0
3201,0
1334,1
368,0
3144,1
4139,1
2107,1
3706,1
5283,1
4001,1
7208,0
7323,0
628,0
3374,0
4157,0
5302,0
4884,0
2752,0
2648,0
6591,0
2036,0
7019,0
6545,0
1026,0
5127,1
7771,0
5845,0
6125,0
8307,0
2029,0
172,0
2503,0
486,0
1384,1
8579,1
3976,0
7605,0
359,1
8114,1
6795,1
6717,0
4051,1
6634,1
6805,1
8462,1
6899,1
2244,1
8257,0
4680,0
7945,0
1611,0
66,0
2188,1
529,1
3322,0
7805,0
663,1
6719,0
4934,1
410,0
7784,1
1988,1
5808,1
8621,0
2378,0
8564,0
5287,0
4840,1
7951,1
978,0
792,1
2948,1
4460,1
1288,1
5154,0
3236,1
6454,1
5006,0
8508,0
2744,0
3368,1
2937,1
7003,1
6012,1
5271,0
2643,0
6931,1
3426,1
8425,1
388,1
887,0
729,0
2266,0
6985,0
379,0
5139,1
8263,0
4549,1
918,0
7967,1
2153,1
3479,1
5388,0
5406,1
2606,0
7006,0
853,0
335,0
8575,0
5323,1
3666,1
3395,0
5982,1
208,0
2196,1
5947,0
6250,1
2672,1
2338,1
1105,1
8404,0
1678,0
8461,1
4636,0
5341,0
4707,0
8490,0
6459,0
2921,0
5767,0
1317,1
1585,0
5391,0
8586,0
331,1
8565,1
7773,1
2779,0
856,1
3909,0
7600,0
6309,0
3817,0
85,0
5065,0
2881,0
4259,1
7423,0
8101,0
5303,0
2390,0
2612,0
6607,1
6775,0
4095,1
3235,0
3465,1
4859,0
967,0
2899,0
6660,1
7972,0
1101,1
6028,0
3777,0
4113,0
1409,1
5785,0
3628,0
886,0
8627,0
4900,0
909,1
1556,0
3805,0
7319,1
561,0
6898,1
5484,0
3960,0
8239,1
7507,0
163,0
4194,1
5582,0
8464,0
5896,1
5641,0
3297,0
4056,1
400,0
4522,1
2641,0
4111,1
439,1
4775,0
5520,0
240,0
1821,1
132,1
1975,1
3611,1
7748,0
4699,1
2620,0
457,0
2831,0
2156,1
3674,1
8018,0
7838,1
7874,0
6276,0
6491,1
594,0
2355,0
6526,1
4646,1
5196,0
6337,0
4936,1
7255,1
5294,1
703,1
3847,0
8557,0
4605,1
4639,0
7647,0
5463,0
2270,1
4783,0
3937,0
5389,0
7923,0
2693,1
1438,1
6145,1
4147,1
7293,1
6728,0
6853,0
1552,1
5147,0
3966,0
74,0
2586,0
7706,0
4883,0
356,1
4745,0
4567,1
2581,0
4828,0
1618,0
5714,1
947,1
691,1
7964,0
3097,0
2003,0
1855,1
5679,1
6127,1
8518,0
7160,1
5691,0
3656,1
5133,0
83,1
4087,0
1022,0
4781,1
2132,1
4880,1
2972,1
5693,0
3344,1
5843,1
5578,1
8124,1
1102,0
1639,1
586,0
8270,0
2112,0
450,0
1941,1
1431,1
5076,0
2141,1
6266,0
6074,1
2848,0
7279,0
2540,0
6058,0
8380,0
4027,1
6930,0
4603,1
8401,0
5058,1
2330,1
8470,1
2689,0
4920,0
229,0
4441,1
2765,0
8301,0
201,0
7672,0
2238,1
315,0
7603,0
8283,0
8095,0
7942,0
5924,0
1587,1
305,1
7678,0
6375,0
1211,0
5412,0
6938,0
6088,1
5337,0
261,0
1029,1
6753,1
5575,0
6748,0
5778,0
4354,0
5569,0
17,0
2808,1
8313,0
1984,1
2746,0
5585,0
1894,1
7432,0
3380,1
7013,1
2283,1
5141,1
2998,0
386,1
1033,0
2561,1
4685,1
5851,0
297,0
1794,0
5649,0
489,1
7469,0
7952,1
8580,0
3648,1
6183,0
4747,0
1435,1
8514,0
7144,0
7580,0
8383,1
3050,0
5462,0
6456,0
6761,0
8106,0
6912,0
7900,0
8387,1
5347,0
344,0
3103,1
7466,0
314,1
5674,0
4981,0
8403,1
5413,0
2218,1
4190,1
2562,1
5266,0
8360,0
2645,0
2353,0
91,0
6273,1
7645,0
1193,0
8052,0
8258,0
7178,1
5152,0
7209,1
2097,0
2055,0
52,1
4028,0
6207,0
6412,0
1260,1
8127,0
5742,1
3412,0
7422,1
4961,0
7270,1
7579,0
7508,0
3300,1
8238,0
7511,0
6417,1
296,0
6911,1
1229,1
2013,1
6462,1
1429,1
3598,1
6603,1
5511,1
4959,0
4224,1
3997,0
737,1
8224,0
424,0
6005,0
1083,0
271,1
6112,1
6172,1
7206,0
7911,0
4490,1
3770,0
3720,1
8218,0
1880,1
7056,0
4752,0
573,0
2044,0
4653,0
5619,0
6474,1
169,1
4807,0
7928,0
8616,1
5447,0
2451,0
4922,0
3512,0
5904,1
3242,0
7387,1
1651,0
7455,1
332,0
3083,0
7726,0
1426,1
2920,1
5112,1
8626,1
4588,0
2414,1
4129,0
1973,0
8498,1
3834,0
5615,0
7249,0
1510,1
822,0
3091,1
5734,0
1945,1
6381,1
4528,1
4897,0
4400,0
5533,1
8100,1
2739,0
8444,1
7162,0
5555,0
6973,0
7062,1
8184,0
6648,1
4109,1
6016,0
4617,0
4382,1
5965,0
2269,1
8521,1
3372,0
62,0
913,1
1199,0
4864,0
4360,1
2018,0
7932,1
2876,0
3980,0
3137,0
2221,0
7535,0
8265,1
583,0
1732,0
4308,1
6175,1
991,0
8250,0
1226,1
8691,0
6570,0
4287,1
8664,0
4047,0
7569,0
8269,0
6937,0
4381,1
3951,0
1770,0
3534,1
2206,0
2263,1
3276,0
6496,1
5311,0
7502,0
6773,1
3974,0
2210,1
4733,1
1571,0
1958,1
8573,0
8060,1
1735,1
4332,1
2356,0
6059,0
4571,0
873,0
2759,0
3393,0
2934,1
401,0
2197,1
4499,1
1738,1
122,1
2457,0
3000,0
2229,1
2553,0
2735,0
2232,1
8680,0
3961,0
4648,1
1299,1
6352,0
5627,0
3802,0
8005,1
4369,1
5476,0
8706,0
7954,0
4117,1
4921,1
3237,1
4801,0
5227,0
2449,0
7468,0
3767,0
1689,1
4220,1
6845,0
7629,0
1131,0
2492,1
8690,1
7395,0
595,0
5695,0
6794,0
8140,0
5971,0
3707,1
1054,0
891,1
8440,0
8004,0
7262,1
254,1
7598,0
7791,0
3303,1
2140,1
2714,0
6006,1
4816,0
4547,0
4392,0
6190,0
612,0
2367,0
8297,0
1904,1
4401,1
6146,0
6495,0
3015,0
7662,0
5324,0
811,0
4314,1
3879,0
7609,0
8111,1
7926,0
837,0
1992,1
4610,1
3867,0
6954,1
1311,1
2007,0
3194,1
8277,0
4406,1
7170,1
1847,0
4544,0
1578,0
2048,0
3227,0
6270,1
8642,1
2699,0
5545,0
7318,1
7230,0
7594,0
282,0
7173,0
757,1
8698,0
8282,0
8176,1
3130,1
8328,1
1512,0
7527,0
1488,1
1623,1
3262,1
4386,0
531,0
8217,0
7595,0
2585,0
3108,0
6799,0
709,0
1342,1
472,1
5182,1
6195,0
591,0
2603,0
1447,1
5252,0
205,1
3768,0
7041,0
2685,1
6065,0
1944,0
7909,1
7995,0
5167,0
1404,1
5018,0
2147,1
5907,0
5666,1
1989,1
1357,1
6531,0
1046,0
1170,1
6335,1
6092,1
8212,0
8423,0
8697,1
6527,1
4246,1
3446,1
797,0
6019,0
2573,0
4424,0
2797,1
1425,1
8619,1
2867,1
3827,0
5105,1
4205,1
3756,0
8365,0
7375,1
3671,1
3813,0
6567,0
6258,0
7917,0
5422,0
2915,1
8255,0
6992,0
5827,0
7195,0
5393,1
7332,1
5237,0
914,0
7171,1
7009,0
1760,1
8436,1
8645,0
3620,0
3652,1
1520,1
5983,1
5707,1
3658,1
4778,1
7376,0
1368,1
1844,1
7092,1
5437,0
650,1
422,0
6336,0
1139,1
270,1
4985,1
4489,0
1949,1
6024,0
545,0
5207,0
4810,1
7174,0
6376,0
854,1
2128,0
1777,0
5662,0
7317,0
2038,1
2056,1
3505,0
2010,1
5455,0
5629,0
5873,0
6577,1
480,1
7095,1
2976,0
6136,1
4463,1
2467,0
7229,0
4865,0
2587,0
1079,1
8059,0
804,0
6387,0
4730,0
2850,0
6487,1
8271,0
507,0
1160,1
382,0
4443,1
7520,0
923,1
7933,0
6882,0
1502,0
3306,0
6104,0
6385,0
8237,1
2271,1
71,1
4857,0
1023,0
3885,0
1514,0
7747,0
3353,0
6850,1
6369,0
4394,1
7534,0
3519,0
8214,1
7409,1
1771,0
6513,0
2986,1
2155,1
569,1
7644,0
4928,1
1459,1
3117,1
8180,1
7869,0
8612,0
6154,0
3309,1
7810,0
3250,1
3969,0
5047,1
7066,0
6239,1
7968,0
308,0
5170,1
5515,0
3132,0
7915,0
6863,1
5926,0
2975,1
5836,0
1822,1
2718,1
6153,0
3031,0
7156,0
2090,0
3972,0
7219,1
1646,0
414,0
7462,1
4580,1
4029,1
888,1
1994,0
2400,0
7222,0
8026,0
7891,0
2364,0
4979,1
8371,1
8019,0
7777,0
2277,0
8452,1
5571,1
7725,0
6579,0
994,1
7736,0
2096,1
6732,1
8235,0
3592,1
6596,0
1440,1
592,1
6980,1
1351,1
6384,0
1978,0
8528,1
5981,0
847,1
6869,0
3579,1
5623,0
3711,0
6890,0
1806,0
3174,1
2545,1
3166,1
1044,0
7344,1
2692,0
346,0
7351,0
6752,1
6100,1
515,1
4787,1
4018,0
4926,1
3061,0
8087,0
1950,1
2895,0
3662,1
298,1
7029,0
555,0
1541,1
581,0
1818,0
7476,0
2996,1
3443,1
158,0
8609,1
4292,1
5928,1
1350,1
4569,0
6236,0
7481,1
5136,1
4951,0
6671,1
307,1
4191,1
8599,1
1301,1
4050,1
1649,0
6391,0
730,1
4940,1
4939,1
3808,0
7979,1
318,1
4017,0
2396,0
6032,1
7922,0
3945,0
7179,1
8259,0
3818,0
6633,1
5781,0
4965,1
566,1
1848,0
4133,1
3530,0
7034,0
8392,0
4741,0
2224,1
2052,1
5350,1
5160,0
3434,0
6959,1
5291,0
3843,0
7921,0
6904,1
877,0
6243,0
8477,0
1826,0
3643,1
4286,1
3222,0
8543,0
5150,1
1358,1
4322,1
3440,1
3430,1
3875,0
4040,1
6854,0
4548,0
1398,1
5753,0
2796,1
4697,1
3272,1
3176,0
5085,1
1828,0
7191,0
7163,1
8504,0
6205,0
6458,1
2595,1
5181,0
2932,1
5313,1
2721,0
6584,0
3925,0
242,0
1188,1
6481,0
912,1
8015,1
1424,1
4943,1
3578,1
2092,1
160,0
1167,1
6883,0
4509,1
3027,0
1220,0
6191,0
4393,1
7394,1
3444,1
3575,1
227,1
4257,1
6969,0
6621,0
5451,0
5978,0
1019,0
93,0
7824,1
4868,0
4444,1
7564,0
1025,1
8149,0
3328,1
6396,0
4845,1
1668,1
4712,0
5874,1
7370,1
7715,0
1172,1
248,0
6947,0
7818,0
4347,1
664,1
1186,0
8578,1
2869,0
6939,0
4067,1
4887,0
7137,1
2825,0
5650,0
5838,0
2422,1
7301,0
997,0
5844,0
5418,1
5113,0
4967,0
4312,1
813,1
1879,0
5765,0
1805,1
2592,0
1189,1
5179,1
2062,1
7087,0
6877,0
1572,1
1078,0
3122,0
3640,1
6589,0
5019,1
7259,0
8317,0
7316,1
2688,0
3107,0
3159,1
2301,1
8384,0
6642,1
3094,0
6706,0
7751,0
2804,1
7608,0
4378,1
1039,0
1091,1
6587,0
4949,0
1216,0
5075,0
8202,1
8345,1
7761,0
7790,1
2664,0
905,1
1938,1
8126,1
4677,0
7765,0
7819,0
1996,1
8541,0
7493,0
5878,0
5732,0
7176,0
2897,1
8512,1
2404,0
6652,1
728,1
5111,0
2154,1
2748,0
7247,1
5514,1
5894,1
3429,1
2384,1
7663,0
3588,0
4045,1
6037,0
7360,1
2916,0
559,1
3898,0
6253,1
5516,1
5620,1
5984,1
4160,1
4098,1
1634,1
920,0
617,1
1532,1
7961,0
4896,1
5852,0
6017,0
6907,0
6936,0
3570,1
5034,0
5731,1
4012,1
4537,0
2634,0
2533,0
3458,0
2753,0
8216,0
203,1
4993,0
6701,1
6242,1
8191,1
4632,0
6875,0
6235,1
6926,0
7151,0
5872,1
4898,0
2924,1
2715,0
6114,0
1227,1
1839,1
2548,0
3447,1
6716,1
7425,0
8223,0
5736,0
2837,1
5217,0
4204,1
6359,0
6103,1
5940,0
8443,0
1930,1
3747,0
5035,0
7516,0
6094,1
3413,0
7795,0
6780,1
8611,0
4436,0
2130,1
1354,1
24,1
948,0
4481,1
8132,0
3378,0
8278,0
1582,1
4415,1
6167,1
7694,0
3416,0
8677,1
6370,0
1574,0
4159,1
5676,0
6725,1
3709,1
28,0
3952,0
5312,0
5673,1
329,1
1370,1
5264,0
8144,0
191,0
1281,1
2412,0
5512,0
4253,1
718,0
5384,0
381,0
4242,1
1559,0
5993,0
8454,0
2045,0
3331,0
1175,0
3576,1
2499,0
3809,0
8446,1
4913,0
3996,1
1862,1
6986,0
1713,0
4174,0
960,0
2590,0
3321,0
5064,0
141,0
6340,0
8135,0
6604,1
3566,1
7461,0
5529,0
6897,1
3657,1
607,0
7024,1
1991,0
1851,1
2961,1
5321,0
1914,0
5588,1
5645,0
3785,0
4664,1
8115,0
5711,1
1956,1
3230,1
4119,0
143,0
3855,0
7193,0
6927,0
7040,1
5315,0
92,0
8280,1
7236,0
654,1
3995,1
7207,0
5625,0
4243,1
6580,0
6415,1
7962,0
6816,0
7491,0
8659,0
5684,1
2870,0
4311,1
1159,0
7297,1
8304,1
7186,0
614,1
1748,1
8260,0
6647,0
2002,0
1467,1
1323,1
5011,1
2803,1
2287,1
7734,0
5980,1
615,0
6990,0
2462,0
7501,0
58,0
1439,1
5096,0
1590,0
5997,1
6394,0
7435,1
7114,0
4578,1
8693,0
2646,0
2294,1
2352,0
7237,1
4599,1
7636,0
3795,0
2066,0
3924,0
7720,0
4140,1
4037,0
8456,0
5218,0
5025,0
6707,0
893,0
5260,0
4662,0
1964,1
6177,0
7558,0
999,1
4771,0
4882,0
7201,0
5357,0
5804,0
444,0
1484,1
8267,0
2439,0
749,1
5124,1
6573,1
6368,0
4514,1
1918,1
4814,0
1792,1
4698,1
2894,1
6138,0
6287,1
3788,0
3647,1
6448,1
8306,0
864,0
2583,0
5757,0
5528,0
3938,0
4342,0
5009,1
7673,0
7175,0
779,1
1222,0
2456,1
2315,1
1104,0
2275,1
7789,1
5244,1
6502,1
2429,0
3112,0
5968,1
3052,1
8175,0
3195,0
7012,0
2008,1
5854,0
4679,1
4100,1
4488,0
8275,0
6558,1
3522,0
3778,0
281,0
6995,1
896,0
1682,1
2027,1
2596,0
787,0
6087,0
7364,1
6383,0
7551,0
2105,1
339,0
2011,0
1205,0
127,0
5146,0
686,0
3784,0
5591,0
2409,0
4754,1
1406,1
4403,1
3828,0
7800,0
6034,0
6122,0
7169,0
8450,0
4422,0
1603,0
1947,1
2903,0
4516,1
2158,1
2806,1
7806,0
4455,1
8203,0
632,0
5353,0
7140,1
3340,1
4229,1
6302,0
814,0
5540,0
3357,0
8358,1
7965,0
812,1
1418,1
5821,1
1061,0
2012,0
4340,1
8618,0
7907,0
5855,0
1932,1
3800,0
8699,1
902,1
3415,0
5089,1
3764,0
3062,1
4368,1
5326,0
6919,0
3675,1
2527,1
756,1
8231,0
1700,0
384,0
6687,1
666,1
543,1
6393,0
4671,0
1053,0
478,1
6248,0
6185,1
7657,0
571,1
1474,1
6892,0
4049,1
5419,0
4316,1
7172,1
8382,0
5552,0
2576,0
8519,0
568,1
7772,0
2507,0
2865,0
4121,1
6946,0
7701,0
6887,1
8374,0
3419,0
2805,1
4031,0
2878,1
2632,0
8192,0
1296,1
8017,0
3957,0
8475,1
5768,1
5330,0
5642,0
2846,0
3634,1
5574,0
1506,0
6605,0
2259,0
5740,1
6130,0
6697,1
1336,1
4364,1
3181,0
777,0
432,0
8333,0
3474,0
5469,0
840,0
5142,1
391,1
2904,0
1113,1
2065,1
6069,1
8359,1
8540,0
3745,0
7803,0
1734,1
6779,1
7924,1
3999,0
4258,1
4678,1
2405,1
3607,1
3183,0
7873,0
5668,0
3417,0
921,1
5660,0
6994,0
6073,0
7692,0
6356,1
6157,0
7982,0
2719,1
6151,0
1528,1
2653,0
3529,0
1547,1
7743,0
7991,1
463,1
40,0
3580,1
5517,0
6227,0
3907,0
733,1
7277,0
5682,0
4748,1
5426,1
8273,0
1018,0
3716,1
4995,1
4407,1
8086,0
3436,1
3832,0
5776,0
421,0
328,1
440,0
193,0
6524,0
7439,1
7244,0
8683,1
4073,1
342,0
7074,1
3311,1
7742,0
8343,0
101,0
6750,1
3515,1
6451,1
8209,0
3448,0
7919,0
8159,0
554,0
3342,1
7128,0
476,1
7683,0
4521,1
7860,0
5554,0
3857,0
1344,1
6357,1
5394,0
5023,0
7266,0
4844,1
8030,1
385,0
7055,1
2142,1
8199,0
252,1
1799,1
7183,0
4476,0
6279,1
6978,0
716,0
1835,1
5396,0
8071,0
894,1
5248,0
2591,1
4362,1
6344,1
998,0
3723,1
1501,0
5289,1
7402,0
7415,1
1087,1
5223,1
4484,1
1516,0
2081,1
7884,0
2781,1
8215,0
1897,1
5201,0
7437,0
1936,1
22,0
5031,1
3536,0
6835,1
88,0
5461,0
8545,1
3798,0
1462,1
955,1
876,1
5368,0
4195,1
7835,0
405,0
5015,0
6170,0
7052,0
5579,1
8310,0
734,1
6643,1
6551,1
1781,0
5713,1
6626,1
5696,1
1955,1
6914,0
2539,1
1100,1
2835,1
6390,1
4785,0
7401,1
6555,1
4557,1
6508,0
2949,0
3748,0
2953,0
60,0
1680,0
6432,1
7684,0
5310,0
6594,1
467,1
5828,1
2823,1
6742,0
7223,0
5934,0
4839,0
6966,0
1497,1
7719,0
4071,1
6075,0
4806,0
5704,0
5893,0
6438,1
4850,0
1055,1
2242,1
518,0
7197,0
7948,0
3582,1
1709,0
6085,0
1118,1
7354,1
6464,1
6117,1
771,1
5899,0
119,0
4108,1
5568,0
2389,1
1389,1
2261,1
8673,1
2079,1
2291,1
5792,1
2516,0
6908,1
7157,0
1916,1
8112,0
6420,0
5948,0
6730,1
6654,1
5743,1
5053,1
5549,1
2295,1
8588,1
5246,0
8032,1
969,0
7596,0
7876,0
7563,0
2419,0
3358,0
7329,1
7739,0
7248,1
8229,0
2268,1
6849,1
2510,0
5445,0
5432,0
8497,1
3565,0
2380,1
8152,0
5061,0
6003,1
6457,0
376,0
6554,1
5387,0
3172,0
2551,0
7745,0
8608,0
878,1
5651,0
816,1
3441,1
378,1
843,0
2738,1
5795,1
4520,0
3046,0
7638,0
8572,0
6903,0
3783,0
7047,1
7089,1
4010,0
5282,0
4236,1
3730,1
3056,1
4994,1
1410,1
510,1
389,1
6325,1
5297,0
5849,0
1790,0
6098,0
7658,0
1498,1
2877,0
8524,1
6866,1
7068,1
357,1
5073,1
7313,1
7779,0
3158,1
89,0
2743,1
4267,1
3492,1
5501,0
7859,0
859,0
6828,1
5175,1
6471,0
419,0
7545,0
2336,1
1857,1
1703,1
3155,1
3913,0
3075,0
98,0
2433,0
7442,0
1027,0
4069,1
7656,0
6152,0
1675,0
8234,0
8056,0
5108,1
7126,0
2375,0
7017,1
5109,1
3068,0
2495,1
8527,0
8286,0
5834,0
3926,0
5193,1
3013,1
2638,1
4776,1
8544,0
3721,0
5612,0
3220,0
832,1
7273,1
8027,0
2874,1
4519,1
7241,0
4231,1
7304,0
4643,0
150,0
4349,1
5955,0
4613,1
392,0
6137,0
2830,0
4960,0
7390,0
4561,0
2121,1
6301,1
1693,0
2453,0
7714,0
5521,0
4689,1
791,0
3618,1
6856,1
1624,1
8290,0
3943,0
4620,0
3910,0
727,0
4198,1
3139,0
2708,0
6810,1
7369,0
1124,1
2939,1
4661,0
7542,0
4372,0
6424,1
4184,1
279,0
6896,0
6783,1
2783,1
8318,1
7934,0
5594,0
273,0
931,1
7434,0
115,1
636,0
251,0
4169,1
6786,0
2979,0
1427,1
6624,0
4727,0
4104,1
4154,1
7278,1
1557,0
2329,1
1400,1
4060,1
3873,0
4804,1
4773,1
2927,0
2982,0
4070,1
3978,0
1589,1
3475,0
8606,1
7610,0
31,0
7646,0
1672,0
4955,0
768,0
6921,0
5002,0
3198,0
7582,0
3742,0
5538,0
767,0
5611,0
600,0
7177,1
525,1
5745,0
8663,0
6149,0
7680,0
1662,0
347,1
2135,1
4077,1
15,1
1490,1
8587,1
5106,0
835,1
4717,0
693,1
3398,0
7411,0
630,0
2039,0
2167,1
3715,1
7022,1
1455,1
8505,0
1330,1
57,0
2293,1
7896,0
345,1
5429,0
7523,0
4587,1
8507,1
4889,0
2328,1
3070,0
1690,0
6465,0
35,1
2589,1
7474,0
7322,1
2306,1
4456,1
5381,0
7686,0
2119,1
3295,0
1304,1
2463,0
1432,1
2771,0
3935,0
7910,0
1492,1
3641,1
6539,1
44,1
1393,1
2577,0
8459,0
32,0
2471,0
4302,1
3163,1
3868,0
6247,1
4649,1
8288,0
3703,1
3804,0
4319,1
953,1
5730,1
1319,1
5219,0
4777,1
2652,0
2246,0
1402,1
4690,1
6163,1
176,1
3581,1
7619,0
6825,0
1788,0
267,1
3762,0
4344,1
7213,1
8133,1
7309,1
3670,1
1465,1
4924,0
625,0
786,1
2373,0
1872,1
1924,1
802,0
6148,1
2633,0
6186,1
7121,0
5805,1
3114,0
6782,1
4525,0
2083,0
1852,0
